[
  {
    "constant": false,
    "inputs": [
      { "name": "_amount", "type": "uint256" },
      { "name": "_data", "type": "bytes" }
    ],
    "name": "stake",
    "outputs": [],
    "payable": false,
    "stateMutability": "nonpayable",
    "type": "function"
  },
  {
    "constant": false,
    "inputs": [
      { "name": "_user", "type": "address" },
      { "name": "_amount", "type": "uint256" },
      { "name": "_data", "type": "bytes" }
    ],
    "name": "stakeFor",
    "outputs": [],
    "payable": false,
    "stateMutability": "nonpayable",
    "type": "function"
  },
  {
    "constant": true,
    "inputs": [{ "name": "_address", "type": "address" }],
    "name": "getPersonalStakeUnlockedTimestamps",
    "outputs": [{ "name": "", "type": "uint256[]" }],
    "payable": false,
    "stateMutability": "view",
    "type": "function"
  },
  {
    "constant": true,
    "inputs": [{ "name": "_address", "type": "address" }],
    "name": "getPersonalStakes",
    "outputs": [
      { "name": "", "type": "uint256[]" },
      { "name": "", "type": "uint256[]" },
      { "name": "", "type": "address[]" }
    ],
    "payable": false,
    "stateMutability": "view",
    "type": "function"
  },
  {
    "constant": true,
    "inputs": [{ "name": "_address", "type": "address" }],
    "name": "totalStakedFor",
    "outputs": [{ "name": "", "type": "uint256" }],
    "payable": false,
    "stateMutability": "view",
    "type": "function"
  },
  {
    "constant": true,
    "inputs": [{ "name": "_address", "type": "address" }],
    "name": "getPersonalStakeActualAmounts",
    "outputs": [{ "name": "", "type": "uint256[]" }],
    "payable": false,
    "stateMutability": "view",
    "type": "function"
  },
  {
    "constant": true,
    "inputs": [],
    "name": "supportsHistory",
    "outputs": [{ "name": "", "type": "bool" }],
    "payable": false,
    "stateMutability": "pure",
    "type": "function"
  },
  {
    "constant": true,
    "inputs": [{ "name": "_address", "type": "address" }],
    "name": "getPersonalStakeForAddresses",
    "outputs": [{ "name": "", "type": "address[]" }],
    "payable": false,
    "stateMutability": "view",
    "type": "function"
  },
  {
    "constant": true,
    "inputs": [],
    "name": "totalStaked",
    "outputs": [{ "name": "", "type": "uint256" }],
    "payable": false,
    "stateMutability": "view",
    "type": "function"
  },
  {
    "constant": false,
    "inputs": [
      { "name": "_amount", "type": "uint256" },
      { "name": "_data", "type": "bytes" }
    ],
    "name": "unstake",
    "outputs": [],
    "payable": false,
    "stateMutability": "nonpayable",
    "type": "function"
  },
  {
    "constant": true,
    "inputs": [{ "name": "", "type": "address" }],
    "name": "stakeHolders",
    "outputs": [
      { "name": "totalStakedFor", "type": "uint256" },
      { "name": "personalStakeIndex", "type": "uint256" },
      { "name": "exists", "type": "bool" }
    ],
    "payable": false,
    "stateMutability": "view",
    "type": "function"
  },
  {
    "constant": true,
    "inputs": [],
    "name": "defaultLockInDuration",
    "outputs": [{ "name": "", "type": "uint256" }],
    "payable": false,
    "stateMutability": "view",
    "type": "function"
  },
  {
    "constant": true,
    "inputs": [],
    "name": "token",
    "outputs": [{ "name": "", "type": "address" }],
    "payable": false,
    "stateMutability": "view",
    "type": "function"
  },
  {
    "inputs": [
      { "name": "_stakingToken", "type": "address" },
      { "name": "_lockInDuration", "type": "uint256" }
    ],
    "payable": false,
    "stateMutability": "nonpayable",
    "type": "constructor"
  },
  {
    "anonymous": false,
    "inputs": [
      { "indexed": true, "name": "user", "type": "address" },
      { "indexed": false, "name": "amount", "type": "uint256" },
      { "indexed": false, "name": "total", "type": "uint256" },
      { "indexed": false, "name": "data", "type": "bytes" }
    ],
    "name": "Staked",
    "type": "event"
  },
  {
    "anonymous": false,
    "inputs": [
      { "indexed": true, "name": "user", "type": "address" },
      { "indexed": false, "name": "amount", "type": "uint256" },
      { "indexed": false, "name": "total", "type": "uint256" },
      { "indexed": false, "name": "data", "type": "bytes" }
    ],
    "name": "Unstaked",
    "type": "event"
  }
]
